,sentiment
捂脸,-0.48946811876082835
阿姨,-0.5978619112417614
学校,-0.6044927326051535
吃,-0.7120574490661036
食堂,-0.583724942848316
抖,-0.5391802487264199
看,-0.6078316462857576
泪奔,-0.41954553228310326
泣不成声,-0.4613875008447017
真实,-0.3578098965784112
说,-0.6139521741258743
微笑,-0.48147900564678126
打饭,-0.5716102568520955
菜,-0.662453462750038
手抖,-0.5208217737579799
好,-0.5689247775186841
太,-0.3167671034923957
饭,-0.6177175577164966
没,-0.5917946820331567
看看,-0.4520414116572865
呲牙,-0.46614476886291
去,-0.5897448335303511
吃饭,-0.5748067978814577
里,-0.5784644072839791
流泪,-0.4701664555255534
直接,-0.7045679283519882
学校食堂,-0.5511359825242497
不是,-0.5319385166462904
打菜,-0.6200196563659889
每次,-0.5739109412372865
没有,-0.6670687610093489
肉,-0.5985832035402053
一次,-0.5216132398578596
知道,-0.5231586927937979
人,-0.5896554649141031
哈哈哈哈,-0.39765789802807017
笑哭,-0.34739197980392755
饭堂,-0.515655906560434
同学,-0.5071581759768501
里面,-0.5994727401833086
手,-0.49856426717946933
小,-0.5117110563305735
吃不完,-0.4721016864408284
少,-0.5874686171421246
想,-0.4420673768691842
不会,-0.4259941346154403
哈哈哈,-0.3836028728853633
好吃,-0.504658530432623
姐姐,-0.4934615861968218
发怒,-0.7064983517867242
一点,-0.5628009972109567
学生,-0.46566820707977996
抠鼻,-0.5468882923943958
虫子,-0.5519402781281001
高中,-0.486062432348622
真的,-0.4361209919539062
黑脸,-0.502527103054496
不要,-0.4298583193065295
老师,-0.5685558055782858
统一,-0.4242429016330148
过于,-0.3464982413783525
死,-0.48542343456787396
再,-0.5911997660258059
特别,-0.49974479112371684
不抖,-0.3878621308146732
苍蝇,-0.5015850025266142
一下,-0.5082975624646591
记得,-0.4865359833551368
出来,-0.6021272442633504
灵机一动,-0.4055183214234066
头发,-0.566425559607621
勺子,-0.49478384984362556
完,-0.4501472216292671
问,-0.5854522635212205
怕,-0.44009034208117415
全国,-0.4699861031125073
蟑螂,-0.4480883446248756
钢丝,-0.5263441631966215
初中,-0.4652130555246462
点,-0.5012748207133501
钱,-0.5345316432665524
现在,-0.533951211670117
孩子,-0.4821891784117097
以前,-0.4451250656461072
一大,-0.5413297689702512
笑,-0.34959203259834293
不够,-0.4357930462526436
看到,-0.5194789421880806
校长,-0.4519509383788465
饭菜,-0.49375101052120673
还好,-0.4584134126837718
抖抖,-0.40690097873742964
教室,-0.4154995775516874
碗,-0.4995790364748728
打点,-0.4625460423495855
难吃,-0.40238034619508534
鸡蛋,-0.5360920037951106
电视剧,-0.3230670585537071
发现,-0.4658092288840756
一间,-0.4077533639595621
这种,-0.5665795109926182
汤,-0.4924889463954321
呆无辜,-0.38755297299473446
一抖,-0.3175193899386106
吃不饱,-0.3556453824081647
大妈,-0.4177657841303883
一勺,-0.4657990684779129
是不是,-0.4158068652365056
最后,-0.44688290134313646
勺,-0.4658353113288858
喜欢,-0.34715875895674386
盛,-0.33217273496206867
大学,-0.3464754601407495
喝,-0.4971539910878387
这是,-0.33213160361054106
做,-0.3786694953688904
球,-0.44996462112972313
好像,-0.39844919171794446
一只,-0.3936940707183424
女生,-0.3563489591102307
妈,-0.42873808700030747
挺,-0.3042137266125052
觉得,-0.3014908611548063
奸笑,-0.38384833843250116
快哭了,-0.36280968129180213
举报,-0.3299846169998057
叔叔,-0.38684092875648796
不吃,-0.3685033263494164
恨不得,-0.2970788203466542
内容,-0.3149451816214012
满满的,-0.27437909450799525
够不够,-0.3331186697612182
酷拽,-0.3395504403002233
剩下,-0.3983528021026671
读书,-0.29896400433152526
看见,-0.3650553422192428
医生,-0.41312775417520353
剩,-0.39703213506742774
班,-0.3450565790743183
从来不,-0.33305322083909805
吐舌,-0.6200377237710921
找,-0.22807044003468474
弄,-0.4479109270512141
买,-0.4086158673286852
男生,-0.2799396329897341
好多,-0.2367754712958945
走,-0.40717353745437457
一碗,-0.3532706860376379
经常,-0.25140788839055267
真,-0.24874513631728745
毛病,-0.18671753384099168
以后,-0.3056976345208875
大笑,-0.3187268385080237
不能,-0.30626705429211176
虫,-0.33550826280205115
够,-0.23059653346682546
倒,-0.28650279897261766
后面,-0.31982997904556476
经历,-0.27156967015288647
一模一样,-0.2126362530913669
应该,-0.25595963380201014
带,-0.34874990511214055
强壮,-0.22598349793023928
名字,-0.23856762098223694
快,-0.26210331919924
不想,-0.26736711918816836
求,-0.274947345315128
事,-0.33314601647884745
玫瑰,-0.37262975623891936
今天,-0.25686988173658887
为啥,-0.16790322193549068
盘子,-0.29163707450739407
一条,-0.3191664748804657
盛饭,-0.29438897851957047
手不抖,-0.2789701172324892
有幸,-0.29102206737020353
憨,-0.3350215896778838
厉害,-0.17219975798383308
我想静静,-0.3287160378548166
想起,-0.22463635956784975
外卖,-0.25797551926038315
铁丝,-0.28312358352754596
电视,-0.260594121326653
总是,-0.303766315170238
饿,-0.3158618834469193
多点,-0.3241352004505309
有时候,-0.3039710874491818
还要,-0.3750783791842784
出过,-0.2756947485483897
有点,-0.2464421021709835
老板,-0.266286909171389
感觉,-0.2719976478435916
帕金森,-0.23281672035735473
遇到,-0.265407552610598
浪费,-0.2540511123148546
有没有,-0.19905512623177435
青菜,-0.33204954828041866
白眼,-0.31756949430255316
上次,-0.29569957302527217
上学,-0.28179191445380203
不了,-0.1947268041767744
不行,-0.21182963608989452
每个,-0.23876839221415364
确实,-0.21643695249542277
看着,-0.2867050008318941
喊,-0.26089823003672097
太难,-0.1564716785504524
老,-0.2617131444344233
干,-0.30733617248035827
开,-0.2875910538494374
沐,-0.17936728087447854
搞,-0.32201395669454236
每天,-0.3088942640122643
儿子,-0.19992709378472534
两个,-0.2831767413739411
以为,-0.24294163438871091
告诉,-0.22530300980629553
请,-0.2787026430354712
投诉,-0.20323627965356103
懂,-0.25598878435255235
蜗牛,-0.26745581351218106
工资,-0.30470055236797844
加,-0.27101051405318105
明白,-0.1729072070660604
老子,-0.3984182137538287
一声,-0.24718065939555411
样子,-0.18041512832905665
一块,-0.3231657584531811
一句,-0.2732150798026319
扣,-0.34726431214875747
当时,-0.2631751075999782
天天,-0.2159950270121671
打脸,-0.2843801253717413
赞,-0.21966863435066034
我要,-0.232344706782976
可爱,-0.15324681014950475
突然,-0.2743729453373255
后来,-0.3416433317798785
别人,-0.3702422511433121
一顿,-0.3636721850681983
下,-0.26570563533197633
先,-0.2603957016537879
土豆,-0.2901744090347071
东西,-0.30430978917314233
病,-0.15583833020042195
美女,-0.20690007104565405
打满,-0.10735279426955951
米饭,-0.25842652019089396
我家,-0.37391446036056775
胖,-0.29697653851890476
蚯蚓,-0.2233773399310796
帮,-0.22266535106784432
起来,-0.20392956093097203
不失礼貌的微笑,-0.2171476342455939
大叔,-0.2245322273594751
从来,-0.20133045467720237
比较,-0.2725656931742527
工厂,-0.20443378082072472
反正,-0.2265795415267604
骂,-0.24226196763413888
全是,-0.29666866022342675
一点点,-0.2358421342556764
没用,-0.12570682657104354
吖,-0.13867909199116624
一颗,-0.29666998796192534
一起,-0.24898582644112666
一根,-0.22615259054459785
校服,-0.15060787463243158
情况,-0.3126899858654061
满,-0.21486328422921575
厂里,-0.11089025038002381
逼,-0.35068656473435766
爱,-0.17437402167613414
其实,-0.2097130438552149
倒掉,-0.22507392575570323
有个,-0.24647175939210572
吃饱,-0.25655107624745604
小学,-0.19246313022815142
不用,-0.245583609406224
尴尬,-0.22406324869302147
吐,-0.24177667888554044
笑容,-0.23568605943276685
已经,-0.15279932250862607
肯定,-0.2125599366192166
妈妈,-0.20744924853311328
外面,-0.15972308074789254
苒,-0.16768103432708337
放,-0.2631662183739143
抖掉,-0.20560648297018125
治,-0.22220074330317724
中午,-0.21690305883713654
菜里,-0.26669015855508493
过来,-0.2571128994126901
打完,-0.1999159120645621
下次,-0.18559597582075849
她家,-0.21727509865587502
逐渐,-0.24350715498207914
就行了,-0.2147902102651344
之前,-0.1721900975020979
像不像,-0.15170355521587953
喂猪,-0.1647398329830861
电影,-0.17181413204700385
不让,-0.2553235885215129
西红柿,-0.26342218741913825
男,-0.19673027070043522
盐,-0.2596409238867865
炒,-0.2225965324599621
鸡腿,-0.22246733722294865
奥利,-0.1612879347568154
砸,-0.18501026707556215
窗口,-0.2569195493920964
幸好,-0.1916894198306066
不好,-0.20520945653509276
女儿,-0.078937295754459
爱心,-0.24343002219590934
有人,-0.18882625259953928
抖功,-0.14060487034886238
怀疑,-0.15032769531841383
干嘛,-0.17885307977075526
米,-0.2921338545905094
难道,-0.15036027201814267
后,-0.1834384611020685
厨房,-0.16678100528329587
刷,-0.1888526800008679
回家,-0.16885884042285418
希望,-0.22335748935513922
简直,-0.19130279316549828
生怕,-0.209998792839139
瘦,-0.18275446094492465
指甲盖,-0.32939106316214284
喝汤,-0.1815746168885874
月亮,-0.11236529729045786
那种,-0.21576721520904163
原来,-0.20877010776681293
交,-0.21064924347130176
小熊,-0.20191371428036087
煮,-0.26061047711760943
滴,-0.10978036173570549
根本,-0.12134392530170682
一半,-0.21242377092424636
奶奶,-0.17144550149365845
螺丝,-0.1328388205646543
做到,-0.178352201300775
长大,-0.16298561746843154
绝望的凝视,-0.19511911416451078
可能,-0.13831028886828634
猪,-0.11366273037718824
烟头,-0.21720634917147194
鼓掌,-0.18260177295117663
慢慢,-0.2757685391521514
开学,-0.1596864015579849
撑,-0.13447626112427563
玖,-0.17157504648694583
差点,-0.17268689526481545
动作,-0.11178103599421504
三抖,-0.17280624362570485
锅汤,-0.20720447052126595
公司,-0.13718537866713687
石化,-0.2073052720953994
贼,-0.17359684452616408
班主任,-0.1676045263071872
蔬菜,-0.1683033546935372
汤里,-0.21528802038946504
小姐姐,-0.1420772572774905
超,-0.1630472469628806
成,-0.21619240962486197
可怜,-0.17510922715727362
毛毛虫,-0.12329597852123989
曾经,-0.17239717684058092
敢,-0.22552745941214217
别抖,-0.06992175748849194
舀,-0.20309821688047985
了解,-0.2055370014550238
洗洁精,-0.23577447047745143
小小,-0.21036374572629027
留,-0.19245352503904245
温柔,-0.10765415264934221
很多很多,-0.17657298455926768
现实,-0.1028985818429354
上面,-0.2535927067191934
牛,-0.25320216806521917
一口,-0.2761589829850388
主任,-0.17057661225664855
传说,-0.07516532855270412
同款,-0.1281971753236374
永远,-0.1926693173453064
机智,-0.1368238701182864
下去,-0.20389750459179437
月,-0.17845696348421972
非常,-0.20674415894681414
馒头,-0.1521652965860928
丢,-0.20596894102705232
所有,-0.16135040325627067
说实话,-0.13156118122849625
大碗,-0.15157105918390962
全部,-0.22989809768102318
掉,-0.19564867748957246
一大堆,-0.18272648797884616
泡面,-0.1331300740781593
听,-0.11927100779389457
卧槽,-0.09346480446397432
心动,-0.05982664288366624
震惊,-0.20957644218224852
挖,-0.20381371940237442
蜈蚣,-0.13860162942870996
头发丝,-0.22189970110611254
肉丝,-0.19560853644827436
中学,-0.13595462672645925
石头,-0.15584198201928984
一天,-0.16997250304157036
必须,-0.1585356056172253
心,-0.1204248975132364
点赞,-0.16989351884932608
消失,-0.15220301853064497
名,-0.16219776464079727
学习,-0.19336296113058732
李,-0.12210274884641928
玻璃,-0.15696452737658964
证明,-0.22545725618920692
兼职,-0.19100084102299536
不像,-0.17731023293547518
再也,-0.1850572776511588
带个,-0.13073210021238843
满满,-0.16477057357133723
心情,-0.08121694024084596
怪,-0.08801913703904166
抖勺,-0.1345037613562684
抖成,-0.21010551681923523
很少,-0.16412709004630116
明明,-0.16011494807386245
螺丝钉,-0.11194404325677439
姨,-0.13307719598569984
女,-0.18870531133585416
土豆丝,-0.16859445856902952
好看,-0.13918082191040876
人间,-0.104212327733615
谢谢,-0.1665523238566384
剧名,-0.11952949688995552
世界,-0.11643577039559164
旁边,-0.15528925098025226
分,-0.16687901240717845
亲戚,-0.11278427715576766
有时,-0.18678510404696874
鸭,-0.09745520393978804
耶,-0.1345535676942189
味道,-0.22474420981945503
刷锅,-0.1714788260026801
害羞,-0.20527088491923262
话,-0.16980018065675484
两,-0.18215851294365762
子,-0.09905683668324582
真是,-0.06212657284120661
不在,-0.10775960015483259
关系,-0.128714823134278
几勺,-0.13983099772941437
很大,-0.12415938930620046
小伙子,-0.17757988056743446
看过,-0.19636807721991076
治不好,-0.1324430778878639
一年,-0.15175016276096792
使劲,-0.17336179575844932
拿给,-0.16914255297122407
隔壁,-0.18926666520405144
辞,-0.11308777121822186
减肥,-0.1600450779934581
熟,-0.172551223866221
多多,-0.15223234050823187
调皮,-0.2014586609553442
大爷,-0.18171161807054304
怼,-0.10902813618145421
一份,-0.16853592837330744
鸡屁股,-0.1485380949012568
居然,-0.16027230434077694
不手,-0.09805735301264351
完全,-0.0599829130823564
一定,-0.10780123587158312
不敢,-0.1589513877743231
全,-0.16478436365334495
没事,-0.11714105491437667
抓,-0.13062040608907238
前面,-0.19851283710110235
回忆,-0.11591900805298305
味,-0.19089698820620915
偷笑,-0.1497422753958365
讨厌,-0.12848345180554685
年,-0.11452536822224403
我会,-0.17421100790879046
半只,-0.15352817485596465
二楼,-0.18310946550172635
几个,-0.11913661718834057
抖三抖,-0.07904005277459708
不停,-0.11637846912701724
身体,-0.16359271831797317
手抖症,-0.09442657288568927
翻,-0.12136614837182902
美,-0.09418291682237108
高,-0.1496564018868411
回来,-0.13337661142560492
诶,-0.12036940035111028
量,-0.14664233356237125
表情,-0.06447047975696875
干净,-0.22234948408267413
多一点,-0.13781559194269982
白菜,-0.18996147765735233
洗,-0.18303706604253198
排队,-0.11632418124153983
抖手,-0.08999297543687465
饼干,-0.15805949750418047
老太婆,-0.2053234586808132
经典,-0.11214325851227025
超多,-0.08470594998324901
蛋,-0.17625366458298014
大婶,-0.1346770941359769
进,-0.20810188760774787
半勺,-0.15314151598202663
少点,-0.1389574560676703
熟练,-0.09130201900667233
头,-0.11399175868302353
视频,-0.14591679636640087
差不多,-0.14196383545804628
还给,-0.10770722523792803
坨,-0.15725217141375783
跑,-0.12555081075935895
熬,-0.20482086273023153
害,-0.11247211504439797
吃不下,-0.143662393732077
写,-0.14143544123321428
工作,-0.19611066576391467
烊,-0.19562712494598772
塑料袋,-0.12823107924056237
啊啊啊,-0.1939487072179931
想到,-0.13318747217082832
那会,-0.1961217616580285
朋友,-0.09381564997381259
脸,-0.19568924891848644
原因,-0.19587664864379853
小朋友,-0.07610296981989725
牙齿,-0.12045877695337798
技术,-0.11232204778217994
剧,-0.07852803380237616
辣椒,-0.10883831457071945
沙子,-0.1457271955588152
没错,-0.10871867518877033
孃,-0.17006306905042776
不香,-0.06429381609380976
锅,-0.11307359767459094
大家,-0.11791116946014932
速度,-0.1454920650635228
打少,-0.15244131521417525
盛菜,-0.13125377499164242
帅哥,-0.10093043176558718
反而,-0.1976776128185278
症,-0.11093960220718921
抱歉,-0.06635904663625453
想要,-0.16419871225696822
嘴里,-0.16378743219408326
努力,-0.15078497385571346
差,-0.15625770777243686
认识,-0.09053383552986627
就算,-0.1939210181320707
贵,-0.09523081753776838
太少,-0.12090074791581748
有次,-0.08568740729363111
吃个,-0.1209641864677985
素菜,-0.13380774766027115
作业,-0.11364402427612376
二两五,-0.15973547308403863
猪头,-0.16284382988557006
上课,-0.1264398655232226
哥哥,-0.11941120539551292
慢,-0.05612240830932005
本人,-0.09470212515084339
习惯,-0.11091661683407514
几乎,-0.07182824298252592
操作,-0.196403990483644
甜甜,-0.09046682847741261
本来,-0.1827873207959536
面条,-0.17197935013627894
手一抖,-0.08868014727369172
小时候,-0.0644054448095304
星辰,-0.0803539140846363
点菜,-0.15633260490665885
钉子,-0.09316743820278339
手法,-0.1078452232977517
越,-0.1431816680502777
一打,-0.09717983030502084
小孩,-0.10612700266442121
狗头,-0.16798870309851296
树叶,-0.13153424295331065
上班,-0.09619196009333875
刷卡,-0.1380657765929545
评论,-0.08771857914129993
终于,-0.13529580976919647
卖,-0.14704277631793106
家,-0.0988558379219842
刚刚,-0.07586312074729976
当场,-0.15150376432016113
汉堡,-0.12827700677847623
妹妹,-0.12306187426932838
饭盒,-0.10742498209189155
患者,-0.11899398969743766
领导,-0.13698910526942984
鸡爪疯,-0.0576313657800005
会抖,-0.16349991662507568
一个劲,-0.1610872892052866
小雪,-0.08325841319457598
陈陈,-0.07093625897668854
放入,-0.13133322777550197
香不带,-0.07962284533630712
我来,-0.15525521455148764
生意,-0.21058370850738434
爆满,-0.18515255647132411
看病,-0.1266642138956653
三块,-0.22785076043975971
红烧肉,-0.1447433170794552
天下,-0.21371286527712657
啾,-0.16008761862717436
咪,-0.1684878577690112
抖下来,-0.09823322653364099
晚安,-0.09181425734949124
两次,-0.05794126799099523
长得帅,-0.08501842656177669
职业病,-0.03462489364991139
不爱,-0.09407875210058894
请问,-0.10739085411641791
拼命,-0.11872121713719323
故意,-0.0791305473437483
蛆,-0.10285495591099836
健康,-0.11475141488679984
油,-0.06930495472468198
疑问,-0.051911077890951576
一斤,-0.14612627268969508
初一,-0.11562202529021139
女孩,-0.06834688631204434
粉,-0.10290994199326822
太太,-0.0628439244182845
免费,-0.12648690447160754
点儿,-0.09909340856097607
重新,-0.15055189226378554
猪肉,-0.1676142538615928
毛,-0.1375624014038046
保证,-0.08513057069850717
体验,-0.15337860058873445
仙女,-0.10912632640456914
喵,-0.09232298528458782
医院,-0.09622762368537416
老是,-0.1106413938595141
丝,-0.12155477287118352
开除,-0.1231211409949845
单位,-0.09607118038772784
老多,-0.07529090121428163
不好意思,-0.0837780054891654
检查,-0.12654290534040732
唯一,-0.15641262977741968
一桶,-0.14969666351433258
基本,-0.06010126266489876
太像,-0.0780177534561732
拿走,-0.10747434132578759
扔,-0.11116153332674798
卫生,-0.11666885923999393
宝贝,-0.07356962653546134
绝对,-0.06114680559885432
星河,-0.054663059292921035
灵光一闪,-0.14598259347123144
崽,-0.11460375929650338
超级,-0.1209288039826149
灰,-0.18422596026204113
牙,-0.13382111420074216
早餐,-0.1334505626359775
几下,-0.09917154700630493
手别,-0.018178881775436147
夹,-0.12720979981307132
今晚,-0.05997848540334338
表示,-0.13486861140650042
刚,-0.10261019489440094
菜饭,-0.10649949994496806
排骨,-0.1425964197466283
当年,-0.09427666964311313
大部分,-0.11240813937899063
委屈,-0.1256149537723134
严重,-0.04624322197969713
满心,-0.10146291811328832
满意,-0.09234658692966319
蛋白质,-0.07731177030167652
没人要,-0.1516094518383919
弄少,-0.17032649705158265
盆里,-0.18922108188386172
一共,-0.25436587503233854
叼,-0.16773625330343694
好惨,-0.09159368927588968
肚子,-0.09780955555695328
颠勺,-0.12815289878999153
盈盈,-0.092116551042262
永远都是,-0.10161180007653675
两大勺,-0.12174538872031698
拿回去,-0.11740242778531128
怪兽,-0.04970346434447784
见过,-0.12008743837935287
初三,-0.07639064818939506
花钱,-0.11436727489687007
沙雕,-0.08341986883551022
同感,-0.041402487902254315
社会,-0.11825403528256215
係,-0.060256741525471516
呦,-0.11950463294344862
气,-0.09470967187764605
一盆,-0.1525318352652809
好家伙,-0.07845946173069335
帅,-0.08049673333329349
愿意,-0.12471473475510059
非要,-0.0598910275532795
恶心,-0.10609858089532828
好好,-0.12843582587815291
加多,-0.06301867822387622
抽筋,-0.07319062263571477
快乐,-0.08521790030882918
姑娘,-0.09141699977290003
斗,-0.13437726683648107
牛肉,-0.1574721078225089
容易,-0.08432425491093422
放在,-0.1098813874794502
早上,-0.11598610315215695
指甲,-0.08148106842352917
吐出来,-0.12032119881615581
估计,-0.15813291384835848
说明,-0.07450094774314026
生活,-0.09480415658161337
一堆,-0.11704431415204168
心里,-0.10118966050800508
信,-0.15057552217547485
搞不懂,-0.15302627751385287
试试,-0.09962911646762912
全都,-0.08934402642515644
塑料,-0.11262678063914335
算,-0.08405369486811082
我怕,-0.10341442394275077
专业,-0.0680893986147435
晚上,-0.11417909431153558
玩意,-0.12339395141896925
叫声,-0.10048868507742836
关键,-0.08675559442970655
紫薇别走,-0.0965003199130812
太慢,-0.056616640715640515
学期,-0.10361351630025921
至少,-0.11003163108465186
个人,-0.10943237387447706
巴不得,-0.054451873748935044
哭,-0.059080505741874165
两勺,-0.0750299650867307
鸡块,-0.16320834023549036
端,-0.13562480781786138
同一个,-0.05118739924822836
出现,-0.14255783663317248
皱眉,-0.0969755384929109
七,-0.04517273215703151
抖动,-0.15948054406104945
睡觉,-0.0778871857126788
打得,-0.08585987208140183
加菜,-0.07812504898178765
听说,-0.08242296998616457
饭里,-0.07685762763030096
只能,-0.06785824138431465
喔,-0.0749052410045669
没关系,-0.10410237634122596
激动,-0.1257772415038345
颤抖,-0.09432310101407357
不得了,-0.02687596819200596
还会,-0.09226285055704414
茶,-0.0704029954307119
打工,-0.0669695369987656
忘,-0.1057552700026482
加点,-0.07544281555956103
筹钱,-0.1412705877064586
执念,-0.02471786448607734
梦,-0.023048972045646734
学堂,-0.12532555921012667
德,-0.09272511865180373
小婷,-0.03390668595057518
一个打,-0.08022644431482687
夫人,-0.03697643781751816
神功,-0.0643438296529674
厂,-0.023752985194664067
花生,-0.1373097817528378
寻思,-0.023859825198389334
宿舍,-0.07671921240942615
打到,-0.09360175414038198
挺好吃,-0.08042707727269183
暴脾气,-0.05759106986240688
服,-0.06380542202005958
臭,-0.11099341997034501
不对,-0.06900678225438686
哒,-0.04149652373394851
嗝,-0.09605176509142047
一个月,-0.10598508098912514
省,-0.0795253002898769
随便,-0.07313414502730514
一脸,-0.09744945736320715
监督,-0.12407689715538733
早点,-0.12158523825744265
换,-0.1405401342464353
吃过饭,-0.07260830971272153
蚊子,-0.11624569985774767
炒鸡蛋,-0.09070243350255672
思考,-0.07905193313658224
同样,-0.09782700784550144
醉,-0.13000824487589985
石子,-0.09493153817082645
两只,-0.11383334457124135
抠,-0.08939211030188013
幸福,-0.08138285368231579
这算,-0.08799195600019118
胡萝卜,-0.06924113644789481
教导,-0.09296278263297558
三年,-0.10443575421939191
读,-0.10739312142095483
一个样,-0.031033359880887727
两下,-0.05920480908942179
易,-0.07512272503580965
可乐,-0.09192865050939222
甜,-0.1433086737957615
就要,-0.11660657734551845
两块,-0.15194588509281484
捞,-0.12397249489748145
知足,-0.05470613283588194
一看,-0.10141677669587654
小心,-0.11225182388349995
菜汤,-0.1073108557636797
付钱,-0.06267944174762821
钢球,-0.10577451832819583
垃圾,-0.03944975718621669
赞赞,-0.09117961943520755
荤菜,-0.13714524443396797
一小,-0.09488233775297289
说话,-0.11461522354137438
一楼,-0.08799032147326023
竟然,-0.10775416225156959
从来没,-0.06329850145277786
坏,-0.13182350046566244
抖下,-0.0650523353683397
曦,-0.0010885710326711453
鸡排,-0.06988492717132028
不错,-0.09892607041605232
癫痫,-0.06672794357786753
儿,-0.09704764714784214
啵,-0.07552425764710288
自助餐,-0.07803465806487608
我能,-0.1003165852924792
铁,-0.10684949292544096
放进去,-0.08771706533841764
中国,-0.058713716075337964
老鼠,-0.11222364106156422
是因为,-0.13479194609458947
星期,-0.08005310194502419
家长,-0.07782239484256587
睡,-0.06992553146795338
筷子,-0.1413122920785707
不到,-0.13268439177051186
总,-0.07015212175332239
发呆,-0.0752316006203005
抖音,-0.06742520220459891
早,-0.07558806582727273
地方,-0.10371830006173638
粥,-0.10692253979349578
殇,-0.06400066301313664
奶茶,-0.09968263050863707
装不下,-0.10483452676302839
技能,-0.070956532302074
其他人,-0.06764950483589405
老公,-0.10188097317539409
赚,-0.09254899365660446
零食,-0.11984276486207937
韩,-0.12988783493204492
学费,-0.0758564761596571
少女,-0.06656430399430993
好不容易,-0.09061207787581059
眼睁睁,-0.0861388022732666
可怕,-0.1023005348472297
熟悉,-0.07668807869827357
二中,-0.0730380605579165
小胖,-0.0676516198637039
嬢,-0.10259796686928807
场景,-0.08601227449525517
矮,-0.08733294207956127
凉城,-0.04907648331333886
高三,-0.0885198589754306
藏,-0.1077598709506412
正在,-0.08021459140095852
东北,-0.08788711183531636
励志,-0.0979187412989937
脸上,-0.12868715677999631
气不气,-0.123394612718396
足,-0.10331270242690307
愿,-0.06728380370957793
只会,-0.0870987784353647
发抖,-0.0869515639104217
特多,-0.05116570265283097
我班,-0.04287316761730561
拆,-0.03599178326113513
正常,-0.07308412736444339
桌子,-0.0888464843507292
巧,-0.06389499109229956
门口,-0.10576610548899545
抠门,-0.09415377608096154
十斤,-0.04152801023748505
离开,-0.1066577164690386
干到底,-0.13514951130714484
重复,-0.14453920189757502
钟意,-0.014436835506998364
优惠,-0.036453262862169
烧,-0.050798433823713914
干过,-0.1439463116166551
一件,-0.18160013212272552
事吐,-0.18449313743801604
唾沫,-0.1526745599206279
块钱,-0.17256949516426384
棍子,-0.05494253438792192
棒棒糖,-0.16894510281933628
拽,-0.20029897302840188
萌面,-0.1299037688806294
抢,-0.04631369011090355
蒲桂桂,-0.041144887073723234
亲春,-0.06853109986659353
时光,-0.052952395476046576
小葵,-0.07224446569125793
措缘,-0.11309771940208896
合则,-0.153935203204369
聚缘,-0.15865023196600853
灭,-0.125887198256634
散,-0.08436405417143907
大厨,-0.07356775834996157
一流,-0.05886141311172391
赢,-0.0639540841399837
鲍鱼,-0.09521366781326296
潇伊懂,-0.09929126939258123
办公室,-0.05679918980567551
负责,-0.04484720183519954
路过,-0.06039853619529045
酱油,-0.06423265970737316
配音,-0.05019206184763059
歌名,-0.0710627783236513
帕金森病,-0.07690739182491155
心酸,-0.028680724607689355
手速,-0.07297435803786256
呵呵,-0.03413506044858501
上学时,-0.07783123690722554
舍不得,-0.06339948566440948
鸡肉,-0.07968597451159548
方法,-0.06163149536808689
眼里,-0.044465443605026855
点个,-0.08394655653850322
颜值,-0.01726054840240575
没人,-0.07608326794446146
你家,-0.05859148855021177
半碗,-0.07227980121212067
到处,-0.04726267397679154
意思,-0.02061368170777994
练,-0.06510206620548906
一道,-0.08771620228651952
池塘,-0.07471732865503193
打包,-0.06605895639736543
建议,-0.04807094522648168
鸡蛋壳,-0.03242498390331104
仔,-0.054597384750485395
我点,-0.10395318989573238
几块,-0.06820966019052611
紫菜,-0.06461840361106143
大金牙,-0.07898890152276031
炸,-0.03443577167222048
猛如虎,-0.13044105268098202
几次,-0.04558031183235264
限流,-0.05648283115550731
琪琪,-0.07887202831498644
才能,-0.053298992542871904
王,-0.052483404444452084
玩,-0.050615735176588066
掏,-0.08738167058145058
饼,-0.09072633576300171
一次性,-0.10613376222905874
骨头,-0.11013908656968731
心疼,-0.05203971843730647
转学,-0.07433208187787398
地上,-0.07038589043150092
开心,-0.07002153229439423
不知,-0.03857230434688717
刚好,-0.06041998368256672
餐厅,-0.05011538684753568
打个,-0.06394806795227481
那次,-0.07110961627888696
同学们,-0.049011616793457474
学,-0.06745823254734098
傻,-0.0769151661870316
出去,-0.09790990202773385
无语,-0.06720939172108908
生,-0.06303486472834258
嘴,-0.1619167074070796
大方,-0.10881715158443903
抖菜,-0.020002889559977068
刀片,-0.10219407906990746
需要,-0.08181531955641694
辛苦,-0.053622865216419444
人生,-0.07706258892558585
一种,-0.061849134566629646
老鼠屎,-0.08686197193221032
叫妈,-0.08822722258954321
呐,-0.01982271609837314
蜘蛛,-0.06030248691063734
花,-0.06714507100175361
铁钉,-0.08457357292894904
好处,-0.0803884632049834
办法,-0.036974155406555784
作者,-0.08591525261823363
最好,-0.07878355072313589
狗,-0.03663970846522163
羡慕,-0.0519750543994855
混,-0.06686450469353195
盛满,-0.04299848500364451
宝藏,-0.03911557047049845
撇嘴,-0.06412264746187141
小可爱,-0.043370506603851416
我长,-0.04570635595313113
相反,-0.08272121962012215
家里,-0.07505666154106433
体会,-0.08948270011266421
在座,-0.05773667124389534
日常,-0.028603326178195776
见,-0.08331538009593559
尬笑,-0.10130773279596804
熬夜,-0.044192158376451476
失望,-0.06171218842524007
马上,-0.07109045300297985
选择,-0.0918945738683938
问题,-0.0790678117168456
猪毛,-0.0816944655075707
上去,-0.04511240556545465
冬瓜,-0.10454152959327231
实验,-0.0939192361771731
抹布,-0.10833521398470364
基本上,-0.0601538771774838
喝酒,-0.04723627840350163
手机,-0.08878146836082372
口,-0.07809624682401531
不太,-0.025663893903971204
师傅,-0.07172079998734722
做饭,-0.063626764977196
比心,-0.10208484358221741
瓢,-0.07931011688915393
第一次,-0.07455592184692345
烨,-0.07859108222202481
饿死,-0.0898508665332989
一周,-0.11537034701635987
餐盘,-0.07890434654659384
盆,-0.11204881962299457
老好,-0.028321992649932317
幅度,-0.11700801437493336
朱,-0.07497520544444072
一米,-0.11275604002053087
盖,-0.064806850562933
拍,-0.04337850780887718
毕业,-0.04835855498277455
挑出来,-0.0863579158643235
蛇,-0.11198195396837038
锯子,-0.136924194470841
憨笑,-0.041371315195020256
欣,-0.08065252310632118
疯,-0.06043965704291854
鱼,-0.04388377662471438
怂,-0.04001456771639801
酥,-0.053893164588218676
