word,sentiment
小米,-6.21968592
雷总,-6.243921293
捂脸,-6.07441733
青春,-6.227685884
手机,-6.306937371
看,-6.270955847
雷,-6.343728552
呲牙,-5.469151311
雷军,-6.397966434
鼓掌,-8.687072198
好,-6.376333424
想,-6.921970462
华为,-6.278544678
买,-6.198072904
看看,-5.595827114
总,-6.654850169
喜欢,-5.586754046
年轻,-6.222561611
赞,-6.264541364
现在,-6.616560491
版,-5.87863433
微笑,-6.299260722
布斯,-5.431086772
泣不成声,-6.869530642
玫瑰,-5.408607258
支持,-5.928331382
米,-6.571377996
说,-6.967220743
加油,-5.761796855
泪奔,-8.594023216
不能,-6.762991646
米粉,-6.68499043
人,-6.947644521
没有,-6.578926532
年轻人,-6.931367383
奸笑,-7.959092812
没,-6.757129884
灵机一动,-6.19716811
老板,-6.157474964
做,-6.652696019
一下,-7.363649553
真的,-6.149359344
特别,-9.064224107
希望,-7.664369475
赞赞,-6.581836517
知道,-6.330341442
不是,-5.994642712
感觉,-7.022914089
你家,-5.101255776
流泪,-10.05788943
去,-6.293089807
爱,-5.784239494
价格,-5.784952882
一起加油,-8.387976285
干翻,-4.325763649
比心,-6.418445315
抖音,-6.23343663
抠鼻,-6.891725334
永远,-5.541832986
不要,-6.177763159
请问,-6.428903319
问题,-6.843551635
苹果,-7.31369316
帅,-5.155546409
赞赞赞,-5.483176613
有没有,-6.381586189
换,-6.825778107
更新,-5.937102631
梦想,-6.583193081
直播,-5.864072876
是不是,-6.43449574
你好,-5.594143815
沙子,-11.09502442
红米,-5.9489287
关注,-6.379894437
越来越,-5.727415761
产品,-7.47649475
问,-5.555950835
朋友,-5.408761931
可怜,-9.708794005
大家,-5.438005255
不错,-5.731615007
终于,-5.401888296
年,-6.820231966
总是,-6.053698122
偶像,-5.781566091
翻,-5.576712417
送,-5.35195632
湖北,-5.240743027
觉得,-6.351940915
卖,-6.451425576
少年,-6.110413325
下,-7.816670773
酷拽,-6.4105957
逼,-5.4814587
耶,-5.309510122
摄像头,-7.093333431
再,-7.10493894
发型,-5.876833229
大笑,-6.268272207
老,-4.982914313
已经,-6.521570797
屏幕,-6.981960905
电池,-6.902390737
想要,-4.864289436
发布,-5.868110287
应该,-6.632183014
雷哥,-5.561984775
公司,-6.792186598
老师,-5.684508038
打造,-5.438023181
点,-6.569407021
搞,-6.117469705
我要,-5.417485698
有点,-5.814502886
感谢,-6.256196618
钱,-5.600845426
看到,-5.421519458
发布会,-6.146523119
几个,-6.142802351
送心,-5.507466539
大学,-6.07946498
牛,-4.871800377
号,-5.689494353
里,-6.774394732
多少钱,-4.392699749
雷军雷,-4.760483792
不会,-7.242799367
真,-5.813792235
视频,-6.1287563
黑,-5.538462342
帅气,-4.473961935
粉丝,-6.230538118
老乡,-5.493157423
啥时候,-5.414775765
初恋,-4.52032495
照片,-5.233497758
一点,-5.685531097
便宜,-5.885590177
迷茫,-5.915719207
交个,-4.469202824
点赞,-5.141543404
以前,-5.237841314
必须,-5.56264049
一部,-5.190716901
听,-5.010397622
爱心,-5.283237614
小,-6.404721661
好看,-4.859536444
一台,-5.215587488
中国,-5.827543469
绿,-5.274887853
总能,-4.218565929
出来,-5.74536807
绝对,-5.395631558
解决,-5.720927576
期待,-4.683732577
一款,-5.785712417
系统,-5.916153517
月,-6.977156343
笑容,-4.913300718
骄傲,-4.75222269
头发,-4.509898373
后,-6.541210147
机智,-5.346888156
芯片,-6.275624775
事情,-5.583856579
为啥,-4.873159211
强壮,-4.819287931
仙桃,-5.628191975
女朋友,-5.000634844
爸爸,-4.552520717
准备,-5.311884904
请,-6.644068211
快,-6.024816945
一定,-5.005561073
性价比,-5.096781464
最帅,-3.506457335
我用,-4.245707126
需要,-5.290503933
太,-5.412451586
非常,-5.750843546
不失礼貌的微笑,-4.829093966
颜色,-5.326039224
成功,-6.161251281
质量,-5.210027798
最好,-5.549192722
走,-5.652348884
带货,-5.067233904
雷总好,-3.704466117
密码,-5.092017004
提问,-4.349576759
坏笑,-5.075044826
吃,-5.812767052
英语,-5.573448181
相信,-5.18411645
没变,-4.2314031
辛苦,-5.527322787
事,-5.859221251
起来,-4.941421841
军哥,-4.566848505
记得,-5.09910942
以为,-4.826479889
追求,-5.212240279
刚,-5.289981509
皮衣,-4.34752965
荣耀,-4.774386244
配置,-5.833718172
喊,-4.525285462
大大,-4.502891798
得意,-5.184425044
一起,-4.804910826
不行,-4.880980366
偷笑,-4.868556468
努力,-4.972410182
保持,-5.251257059
色色色,-5.000238877
问问,-4.732690803
买不起,-4.4476613
发呆,-4.598766785
工作,-5.469963716
干,-4.426103814
这款,-4.219764227
依旧,-4.022416685
处理器,-5.300764955
找,-6.707282694
代言,-4.578291748
求,-4.638122296
确实,-4.657136682
系列,-5.487659083
创业,-5.851007232
不好,-5.550542724
我爱你,-3.18177544
评论,-5.586639231
当年,-4.999375331
忠实,-3.771513819
四季春,-4.443862647
挺,-4.422419582
坚持,-5.706318677
青春期,-5.230603846
爆,-3.846203805
谢谢,-4.564690866
笑,-4.35419675
美好,-5.242452424
厉害,-4.119472609
依然,-4.109157546
男人,-5.411552275
曾经,-4.360828342
五颜六色,-3.717447668
快哭了,-4.77451691
垃圾,-3.752394446
魅族,-3.865191653
一年,-5.721501779
像素,-6.008849263
黑脸,-4.262763583
同学,-5.107689086
捣乱,-3.914647941
下来,-4.285629783
很帅,-3.161876722
不到,-5.424125357
上去,-4.328137822
好好,-3.939399993
从小,-3.971029753
充实,-4.687164151
一句,-4.952660536
学习,-4.635703778
调皮,-4.656286248
害羞,-3.710132651
时期,-4.686259765
发,-4.104217017
家里,-5.198756285
发烧,-3.980548178
开,-4.166546101
人生,-5.581212309
那种,-5.801093167
顶,-4.198807457
玩,-4.164588325
求翻,-3.848664916
好用,-4.050876809
未来,-5.707400573
改变,-3.740000187
友商,-4.253936599
您好,-3.325770126
刷,-4.856866155
选择,-5.150596209
好像,-3.978630602
才能,-5.31459988
喷,-4.01887522
企业家,-4.695698566
叔叔,-3.540517263
房地产,-4.329875536
别人,-5.540518056
拍,-5.338261664
优秀,-3.922742576
雷总牛,-3.373076212
大佬,-4.042214725
平板,-3.343064209
白眼,-4.266082515
帅帅,-4.207754674
最近,-4.194123788
告诉,-4.662066307
岁,-4.531271862
后面,-4.653982023
第一次,-3.817173089
后悔,-2.94003153
手里,-4.308981573
即将,-4.386282363
发生,-3.488195738
用过,-4.775746355
卧槽,-4.556655198
今天,-4.435661632
三年,-3.784790365
设计,-4.281733461
小爱,-3.523450672
卡,-4.857041228
电视,-4.762054862
体验,-4.794077462
胖,-3.546716828
用户,-4.712169022
有钱,-4.108084521
呆无辜,-4.016751152
发现,-4.004037999
之前,-4.28743555
老年人,-3.775103293
家,-4.638334623
奶绿,-3.94818612
六,-3.718990308
威武,-2.817396063
认识,-4.055382471
老雷,-3.678157402
三星,-4.791506164
第一,-3.916431443
屏,-4.833061542
是否,-4.840398696
建议,-3.76027002
白色,-3.546095043
三个,-4.498578016
不用,-3.566104882
屌,-3.547978975
注意,-4.611987075
钉子户,-3.712090956
坏,-5.193848151
黑雷军,-2.77436995
差,-3.986591303
书,-4.284441843
下次,-3.847357568
奋斗,-4.5657899
以后,-4.538771579
东西,-5.000514808
拥有,-4.647171201
上班,-2.397331022
做到,-4.094522228
科技,-4.310574057
抱拳,-3.479062835
不香,-3.626546116
变化,-3.625439683
充电,-5.322553193
笑哭,-4.155542019
想起,-4.506530543
开学,-3.762393534
今年,-5.017949316
戴口罩,-3.708772008
雷总赞,-2.68880904
样子,-4.201064815
快乐,-4.133076061
马云,-4.324984546
适合,-3.586397067
休息,-3.84964093
看雷,-3.074455958
恋爱,-3.745471373
雷总在,-4.113544639
使用,-3.701285698
出个,-4.440435176
考虑,-4.477255396
追,-3.139676584
里面,-4.185909033
可爱,-2.957482895
听说,-2.97459231
从前,-3.013604753
所有,-4.941415812
米粥,-2.329379456
贵,-3.663628941
旗舰,-3.593040342
好帅,-2.814495341
武汉,-3.938831227
代言人,-3.718289751
谈,-2.616289924
直接,-4.150674165
打脸,-3.612183692
技术,-4.564330593
雷总看,-2.936996478
半年,-5.029202575
研发,-4.549758528
路过,-3.028477886
时间,-4.382136595
手持,-3.091141185
不买,-3.113510457
谈过,-2.930147761
金山,-3.903803918
惊喜,-3.820006363
大哥,-2.967154014
不服,-4.391862438
唯一,-3.83769282
尺寸,-4.215990956
几次,-4.143315775
而生,-2.954038131
继续,-3.770537309
不顾一切,-2.91701902
佩服,-3.095757874
高,-3.525494345
多年,-3.865767686
变,-2.970555501
成为,-3.791961623
奶茶,-3.448587562
气息,-3.525016096
最大,-4.436824427
回来,-2.083387502
说话,-4.388459099
武大,-4.426347499
降价,-3.167487793
啊啊啊,-4.328092154
女孩子,-3.374984445
抢,-3.324990519
十年,-3.515974273
故事,-4.208662817
热爱,-4.269428364
进军,-2.8327368
容易,-3.751602362
能否,-3.658575706
哥哥,-4.035733325
老总,-3.759248616
生活,-3.692303567
有趣,-3.644342431
想买,-4.093985446
女孩,-2.96756227
断流,-3.264546012
下去,-3.03372298
越,-3.298492115
这次,-3.295569062
可能,-3.387838068
越做越,-2.973381068
最后,-4.062204425
亲切,-3.252417116
死,-3.789322044
入手,-3.8385438
一次,-3.835512383
面对,-3.765880202
名字,-3.5234928
话,-3.181521681
成熟,-3.20417018
两个,-4.135157416
颜值,-3.624577739
到底,-3.715528155
专门,-3.007058301
小屏,-2.945556458
拥抱,-3.342194976
不了,-4.237049251
售后,-3.81320797
愿,-4.082582276
哈哈哈,-3.448103752
再战,-2.804249626
一丝丝,-2.971658787
年纪,-3.431056782
刚买,-1.973880915
金山词霸,-3.101406998
程序员,-3.724514513
国产,-3.376118774
澎湃,-3.037214103
兄弟,-3.597566251
广告,-3.782972738
优化,-4.141521534
情况,-4.055859392
越帅,-3.271655034
价钱,-3.013175891
问雷,-3.23608259
推荐,-3.173710476
发怒,-4.288422852
游戏,-3.840386187
军,-2.59508046
掉,-4.961130499
比较,-3.62381901
货,-3.407568438
度过,-3.053114464
飞吻,-3.883057982
雷总好帅,-1.735647459
讲,-3.474323353
平易近人,-3.338124214
感动,-3.764291074
自动,-4.779179273
品牌,-3.966145986
一个月,-3.941469045
用到,-3.346877178
味道,-2.669078967
后来,-4.140485116
新,-3.770375882
榜样,-2.702032351
绿色,-3.076289687
回忆,-3.454195472
时光,-3.793978348
爱雷,-1.814663859
安排,-3.231923643
心态,-2.83318125
遇到,-3.333072297
当初,-2.825195163
全家,-2.637686626
其实,-2.794865529
好多,-2.713003788
性能,-3.090148621
遗憾,-2.719248681
真帅,-2.818110601
魅力,-2.49367993
看着,-3.407533114
一点点,-2.684793389
最酷,-2.614363436
每个,-2.788479233
贡献,-3.182476671
路,-3.357876412
帅哥,-2.039066513
当时,-3.681625752
投资,-2.973167023
失望,-2.743809054
生态,-3.651444669
雷总翻,-2.169456267
第一部,-2.18368362
回复,-2.116065659
少,-3.302254789
我家,-2.556051663
全是,-2.545184508
耳机,-3.946563118
良心,-2.490933939
原来,-2.482796645
我想,-2.096673052
心中,-3.426562509
油,-2.931850637
狗,-3.014851714
生死,-2.643871325
看淡,-3.194956649
雷总想,-2.900475352
加入,-3.021955791
机,-3.660271974
吹,-4.10333603
买买,-2.76345974
疫情,-3.747827842
没用过,-1.556702274
肯定,-3.975964865
影响,-3.367837966
呦,-1.551407234
太贵,-3.136934228
灵光一闪,-3.160214315
是因为,-3.281087279
如今,-3.354473177
不想,-3.802508302
尬笑,-2.706093387
智能,-3.138275456
重要,-3.049674205
两年,-3.588879811
死机,-3.511669286
打开,-3.832465613
台,-2.51393372
暗恋,-2.579306364
董明珠,-2.811285654
不在,-3.545261355
第一个,-2.701127535
雷总老,-2.572171571
只能,-3.570318436
客服,-4.111790166
岁月,-1.620046538
春奶,-2.12587424
白,-1.982977959
色色,-3.183938523
疲惫,-3.070962484
常程,-1.9253858
每次,-3.242819806
进,-3.039976792
只用,-2.240939581
可惜,-1.868648398
学,-2.913410995
追过,-2.7330697
挺帅,-1.572481799
太差,-3.045466659
雷总雷,-1.463793613
免费,-3.055334364
谈恋爱,-2.289515462
气,-2.568121755
军军,-2.447674809
高端,-4.057801195
发福,-2.27924698
开心,-2.667294848
出现,-3.678273758
低配,-3.269351542
来个,-2.754366941
代表,-3.2431965
带,-3.008326967
引起,-1.662660334
无敌,-2.155313719
真正,-3.230388044
卢伟冰,-3.027949616
发量,-2.833912531
怎么回事,-2.86192296
坑,-2.835740872
经历,-2.948802904
回到,-2.647438446
耶耶,-1.994008096
不变,-2.124327414
干嘛,-2.053937092
舒服,-2.738068611
发热,-2.828990393
优惠,-2.598487394
阉割,-1.984807048
高中,-3.413658105
原因,-2.089179398
真是,-3.038779277
很大,-4.154146613
找到,-2.822970468
怼,-2.436298323
思考,-2.57827181
盒子,-2.074786439
雷总真帅,-1.271071707
行业,-3.305018167
意思,-1.875835781
正在,-3.376999253
翻看,-2.138644594
皮夹克,-1.899562573
幸运,-2.76594653
唱,-2.13047638
实在,-2.832397123
忘,-2.560498465
解锁,-3.79107854
一加,-2.746539295
有点像,-1.669046825
万,-2.690645019
反正,-2.967162764
企业,-3.242842118
品控,-2.549590639
沧桑,-1.8864407
没钱买,-2.655345729
粉,-1.945844194
这种,-2.572998247
吃瓜群众,-2.755937474
字,-3.001607461
隔壁,-3.023559833
好听,-2.433340694
小雷,-2.588787645
元,-2.404143871
对象,-2.41357313
砸,-2.550885463
一首,-3.11883858
难忘,-3.489069853
新款,-2.955625941
小时,-3.593850782
突然,-2.830444317
不知,-3.602920434
可不可以,-2.208567875
先,-2.378949474
牌子,-2.636236153
普通话,-1.896942022
开发,-2.85827753
相机,-3.000854533
指纹,-2.999539992
抽,-2.372054002
真香,-1.862148597
说实话,-2.085809283
雷总要,-2.350279751
鞋,-2.556626488
表示,-2.682044048
我雷,-2.326451114
超级,-3.288336767
十,-2.109792104
实现,-2.738248122
雷总送,-1.98199294
追逐,-2.240394718
买手机,-2.6943786
能力,-2.999204678
女生,-2.160461722
很想,-2.292041964
防水,-3.54781564
本来,-2.627660159
这是,-1.24110592
书架上,-2.671042166
跟着,-3.205370347
机会,-2.298697353
智能手机,-2.650836549
低调,-2.549102149
做好,-2.663324372
真心,-2.14232972
好奇,-2.018761187
大金牙,-1.684006429
第一款,-1.558871014
睡醒,-2.388925086
以下,-2.205685275
我想静静,-2.205510583
明天,-2.948517719
不敢,-3.982027565
变成,-3.36763487
牛仔裤,-2.608350672
霸气,-1.967608035
行,-2.391667691
老婆,-2.13278995
梦,-2.498452737
精神,-2.325687326
模仿,-2.495581116
声音,-2.916465596
暖,-2.496609359
花粉,-2.664971569
高考,-3.063239296
世界,-2.633711772
老是,-2.297608483
雷总帅,-1.181590313
过来,-3.083201605
看来,-2.04316699
属于,-3.340056494
房子,-2.857239075
色,-1.766896021
不够,-2.923160527
碉堡,-1.724936736
估计,-2.633289099
太帅,-1.594325919
毕业,-2.458503449
理由,-2.188019325
真好,-1.556872564
嘤,-2.637079753
主板,-2.820889159
红脸,-3.115711248
早日,-3.448187837
几年,-2.565937315
初心,-2.592517281
讲讲,-2.101162972
想到,-2.443249004
抄,-2.114517645
营销,-2.796546533
骁龙,-2.884006126
买过,-1.877593646
发展,-3.085315004
明星,-2.59303222
你老,-1.843482672
就要,-2.36820682
千万,-2.307320232
看起来,-1.783866712
俩,-3.093860618
四季,-1.384511796
提示,-3.677814283
小姐,-2.896414354
很久,-2.747314539
不爽,-2.339831584
黑屏,-2.736657207
电话,-3.666884657
归来,-3.366111245
仍,-3.122892681
憨笑,-2.499265627
居然,-2.89908753
屌丝,-1.605052417
见,-1.825225395
全部,-2.570704569
不得,-2.57062108
王源,-1.82954444
雷总米,-1.757317337
严重,-2.619118612
励志,-2.242298066
差点,-2.35871864
耐用,-1.776501983
我会,-1.40238199
不少,-2.527007696
账号,-2.279457491
五,-2.076007409
没什么,-1.89554384
刚刚,-1.697307504
亲自,-2.293809359
女生宿舍,-2.100621926
穿,-2.275708102
低,-2.370016984
目标,-1.810267714
超过,-2.184296207
一路,-2.498962247
特,-1.349129276
空调,-2.633010027
车,-3.157240103
过去,-2.651240296
麻烦,-2.204647333
算,-2.451632832
毕竟,-2.10680179
定价,-2.478723754
一件,-3.284209387
疑问,-2.122379016
看待,-1.772101263
做鬼脸,-1.906962962
唱歌,-2.045995994
演唱会,-2.323646412
接地,-1.886108041
不再,-2.020008837
小时候,-2.771474029
市场,-3.012389283
雷总有,-1.874168578
妈,-2.187414882
铁粉,-1.548156124
奶,-1.454299528
国内,-2.361070615
听雷,-1.878625663
加,-3.099885528
生日,-1.689571753
挺好用,-2.587203312
升级,-2.146088391
分享,-2.399006117
吊打,-1.976798871
拍照,-1.676457066
雷叔,-1.600070976
初中,-1.885239466
想过,-2.042621105
一种,-2.892250159
马,-1.663718119
辣鸡,-2.055974074
链,-3.090505678
研究,-2.392646122
经济,-3.376148216
留,-1.761777091
金山毒霸,-2.762289101
咯,-2.048753271
三克,-3.106776309
送给,-1.934725011
好不好,-1.84232624
比例,-2.060021903
创业者,-1.712124951
全家人,-1.964818746
家乡,-2.194244701
一家,-1.264122443
老年,-1.566145981
弄,-1.931919091
总会,-1.469372987
陪伴,-2.018594974
显示,-2.348461661
孔,-1.772890635
董,-2.6697155
认为,-2.527833819
做过,-2.063295565
岁月不饶人,-1.24111704
无限,-2.179872513
啊哟,-1.410110057
有品,-1.624267985
关心,-1.305233117
果断,-1.980172414
装修,-2.661182988
学霸,-1.82917973
雷总干,-1.538244251
区,-2.660178671
电器,-2.701640531
国货,-1.769238949
烫手,-2.076865287
最高,-2.605475498
雷总点,-1.380652439
一块,-2.729303088
运气,-2.381894801
回答,-1.726785256
丑,-1.849182166
厚道,-1.774188296
压力,-2.320372963
军叔,-1.87455799
罗永浩,-1.921160569
前置,-2.072336728
鲨,-2.205434146
后置,-2.414866831
镜头,-2.050585316
回,-2.565091246
慢慢,-2.274377336
激情,-3.169759974
花,-3.319281603
雷总为,-2.421022256
去年,-1.575083558
换个,-2.333407233
新手机,-2.107364442
心里,-1.533328837
区别,-1.752901139
点个,-1.87350154
情怀,-1.579862852
本人,-1.762355251
懂,-1.499858897
亿,-2.041700598
保养,-1.983935677
能够,-2.396672292
联系,-2.643706991
一亿,-2.43715092
个人,-2.060475095
无法,-1.772593108
超越,-1.600784201
越多越好,-1.566683468
孩子,-1.662703695
我能,-1.293854586
时代,-1.619818149
歌手,-1.531074158
管理,-2.331737329
不大,-1.394370177
打算,-2.274069107
难道,-1.676798592
电量,-2.189951264
完,-2.180174798
激动,-2.044739073
慢,-1.612060454
链接,-2.463516131
帮,-1.860575381
国产手机,-2.206552393
中年人,-1.810596181
以上,-1.727516975
抽个,-1.708567091
月亮,-1.537868037
鸟,-1.777994963
听到,-2.045535046
发抖,-2.295638075
至今,-2.380114791
失败,-2.088399799
打游戏,-2.286716283
信号,-2.872988854
网络,-2.698648353
祝,-2.593680624
不看,-1.760569977
连续,-2.161952774
人民,-2.147743321
写,-2.593204528
五个,-1.883329735
阶段,-2.400845554
小伙,-1.859783936
每天,-2.746593479
一半,-2.239450449
刚好,-2.422183519
类型,-2.046657638
合作,-2.629308776
眼睛,-1.926081317
快点,-1.90621323
宣传,-1.660996778
师兄,-2.048931982
彻底,-2.318108819
几天,-1.680890214
常,-2.166024981
福利,-1.838325503
曾,-1.558179309
大米,-2.227292725
充钱,-1.610032881
核心技术,-1.614695451
买个,-2.005915337
成,-2.161181994
眼神,-2.128076168
不像,-2.593319007
哒,-1.235378886
意义,-1.60062126
一位,-2.725014394
低端,-1.865327255
滴,-2.34355715
跳,-1.837294917
放弃,-2.070845507
学生,-2.641478822
喷雷军,-1.304423081
浓密,-2.397680445
玩游戏,-1.757704393
金光闪闪,-1.751993108
爱雷军,-1.272975777
够,-1.893610871
几岁,-1.435898619
男,-1.801312729
那款,-1.532960608
不来,-2.156808338
半生,-2.763008999
活力,-2.06210597
剃须刀,-2.93448824
青,-1.905797475
送个,-1.789279949
罗,-1.412443547
脸,-2.052625144
看雷军,-1.346036969
标准,-2.28872516
实力,-1.879270836
印度,-2.169795798
手表,-2.467550346
爱笑,-2.181128932
手环,-2.037118868
看见,-1.517064758
事业,-2.618195142
怎样才能,-1.798342161
雷军赞,-1.323208939
竟然,-1.376133907
疯狂,-1.420335496
本事,-1.818109405
雷总交个,-1.35764588
购买,-2.154066976
旗舰机,-1.88231344
消息,-1.959084558
路由器,-3.292529807
一看,-0.703091859
赚钱,-1.737223676
上网,-2.89911323
没用,-2.179736293
介绍,-2.361191325
不能不,-1.315561342
一天,-2.372526326
身体,-2.842856626
右边,-1.68902029
差评,-2.044456472
好久,-1.558336595
我信,-1.505836836
雷总带,-1.192047577
自我,-1.998644202
拼,-2.911900174
带来,-1.996193023
不卡,-1.771901343
猪头,-2.111414145
级,-1.76786501
创新,-1.267020536
尴尬,-1.471817519
价,-0.757874769
棒棒,-1.526418519
鼓励,-1.950554366
价位,-1.990003351
苦,-1.85375906
路上,-2.088432966
打球,-1.799620467
员工,-1.640528088
晚上,-2.599211636
睡觉,-1.585584993
鲜肉,-1.733752569
很棒,-1.627279211
就行了,-1.556443943
宝宝,-1.457883503
香,-1.535275071
陆超,-1.508312483
来自,-2.185754548
过程,-2.600420667
昨晚,-1.888676357
更好,-1.722112792
形容,-1.713055816
官方,-2.143028166
雷总太,-0.941437168
看上去,-1.160631859
没睡,-1.633251464
不太好,-1.991198308
偷拍,-1.232084311
积木,-1.910252004
电脑,-2.086846844
哥,-1.280915223
牛皮,-0.456003099
献给,-2.052845799
书柜,-1.688182832
推出,-1.430579115
流汗,-2.005219656
兔,-2.180641159
理想,-1.504020764
存在,-2.274706689
巧克力,-1.638536754
强大,-2.268304897
发烧友,-2.140843523
办公室,-1.708174726
再也,-1.616026811
拆,-2.636455684
算不算,-1.73446474
抖,-2.483275511
恢复,-2.6648565
加个,-1.899257159
看好,-1.972194566
差不多,-1.321543266
果粉,-1.519986736
浴霸,-1.411906856
女人,-2.041547938
猴,-2.239784997
丢,-1.706272172
不断,-2.41735664
清晰,-2.117227399
版能,-1.53223551
吐血,-3.052127529
网上,-2.732140941
看不到,-1.725323236
鬼,-2.198150025
基本,-2.387359667
身边,-2.238984541
总爱,-1.104517337
移动,-2.203968936
从未,-1.454945662
缺点,-2.451946974
经常,-1.933460074
肉,-1.611498012
大概,-1.256044608
长得,-1.518059418
睡,-1.361407412
灿烂,-1.501311333
完美,-1.102874332
答案,-2.531217544
硬件,-1.781398004
部,-2.069570472
吊爆,-0.560146546
机型,-2.067901706
仰慕,-2.290287422
尤其,-2.657542971
完整版,-2.398207366
有意思,-1.509233791
雷总来,-1.067299188
绝望的凝视,-1.439163361
简单,-1.953798488
一名,-2.187853613
音响,-2.032889888
喽,-1.930936545
定位,-2.557390636
水滴,-1.461734694
习惯,-1.513176349
开除,-1.221325091
一本,-2.549398057
充,-2.091914104
雷总谈,-1.0132362
高喊,-0.562000609
好家伙,-1.338927157
版有,-1.786167652
目前,-1.212341158
下面,-2.16166436
同样,-1.471998674
一如既往,-1.826068162
猴王,-0.764476568
消费者,-1.997971486
值得,-1.927349689
专为,-1.42277019
上市,-1.468854617
排列,-1.491322589
美国,-1.795115774
左右,-1.773693676
位置,-1.936357602
自豪,-1.724468984
关机,-2.125676645
全面,-1.818193487
强,-1.922177148
问下,-1.48258414
青春痘,-1.553012097
撇嘴,-1.72044149
熬夜,-0.907675609
维修,-2.289767884
活动,-2.692803593
没想到,-0.819329403
高性能,-1.451602109
时挺帅,-0.777231317
选,-1.06112134
一代人,-2.213247888
空间,-1.679576149
始终,-1.112042413
剋,-0.557249813
几十年,-1.251880662
社会,-1.834288999
简直,-1.722581858
软件,-1.936041287
透明,-2.490039075
舍不得,-1.404705311
小弟,-1.391102842
关系,-1.537380242
太卡,-1.20509846
巅峰,-1.73839997
赶紧,-1.564083936
总长,-1.646431213
不好意思,-0.845710396
做出,-1.886359736
定制,-1.44416247
姓,-1.331517688
半天,-1.681634209
很少,-1.643532495
我来,-1.409363026
开个,-1.809483187
提升,-1.46261574
漂亮,-1.221993385
不让,-1.866783678
五年,-2.015610888
些,-1.495674397
震惊,-1.043066159
命名,-1.423910284
请教,-1.650050973
太大,-0.50233764
功能,-1.750233628
有个,-1.387491617
符合,-1.675014742
加上,-1.868337371
感受,-1.478011271
万岁,-0.891034131
黑眼圈,-1.23129701
现实,-1.459721426
天,-1.426178699
口,-1.475129206
时好帅,-0.560939478
色盲,-1.342663692
无所谓,-0.89712638
挖,-2.372664036
雷总真,-0.877371282
时隔,-1.158953027
鞋狗,-1.639820049
经典,-1.179496676
老人,-1.502684052
太快,-2.124855102
嘞,-1.467448708
重新,-1.854805507
大叔,-1.454062315
平时,-1.42835242
了解,-1.44637567
巧,-1.5693275
高配,-1.875248766
八,-1.308508102
参加,-1.886920946
音,-1.579156542
无线,-2.205169217
男生,-1.441837494
一波,-1.29943038
剪头发,-1.002011671
憔悴,-1.135547937
还要,-1.700737626
武汉大学,-1.69515344
男神,-1.244595378
安卓,-1.291658922
寸,-1.813501166
靓仔,-0.776748022
天天,-1.293534565
叼,-0.880297569
越老,-1.641071992
头像,-0.903406223
负责,-2.191030261
有人,-1.524189992
羡慕,-1.357397473
赢,-1.82602257
一个亿,-1.560985506
正常,-1.477510856
实话,-1.344543065
瞬间,-1.824965485
几款,-1.968681763
卖货,-1.067288799
方向,-0.72096304
这辈子,-1.422769777
国外,-1.520244476
互联网,-2.048292114
总裁,-0.977636742
内军,-0.67500356
廉价,-1.319556528
真实,-1.788929437
红,-1.847698095
爱情,-1.17854215
拼搏,-1.54519728
扛,-1.655550738
次,-2.17226619
客户,-2.194796057
方便面,-1.146116726
从不,-1.736147794
闭嘴,-0.820966474
品质,-1.169564657
一遍,-0.69402181
死心,-1.077739078
多多,-1.525091422
走来,-1.478936999
关键,-1.423247316
未果,-2.265696832
退款,-1.769737538
中学,-2.123757741
手上,-1.190255385
太好了,-1.819434585
修,-2.553649707
乌黑,-1.814894051
早点,-1.49732436
打赌,-1.786689416
一脸,-1.781135779
商,-1.808234559
店,-1.915095624
红影,-1.354541489
校园,-0.989444112
能量,-1.351211354
从来,-1.088508858
够不够,-1.112454682
厕所,-1.968902827
一口,-1.432294446
渴望,-1.945442725
找个,-0.982793978
仙普话,-0.382435229
说白了,-1.077196866
踩,-1.50384486
点点,-1.390528921
造,-1.636262938
汽车,-1.333918569
咋样,-1.234502624
段时间,-1.397981094
更加,-1.986586568
撞,-1.084695465
推送,-0.964979022
成名曲,-1.324156254
插孔,-2.075736363
美女,-1.912155739
电,-1.24328091
受,-1.157318153
不说,-0.762726119
祸害,-1.262440042
凉,-0.93819032
困惑,-1.676525367
跳屏,-1.357213721
喷雷,-0.934261355
重点,-1.049585184
代码,-1.411063856
罗志祥,-1.239858225
几分,-1.154896923
青年,-1.272481498
多久,-0.968520368
亲民,-1.223434818
先生,-1.253539697
买不到,-1.760152295
王者,-1.526356824
何为,-0.576598205
发际,-1.635462893
抓,-1.384605383
免费送,-1.095848159
一步,-1.793961033
好几年,-0.938455954
明白,-1.655143953
雷总当,-1.083490046
正面,-0.435979137
一张,-1.430779024
纠结,-1.262470762
库存,-1.023635911
孔屏,-1.976960176
数字,-1.560087609
战斗,-0.915405604
老罗,-0.951059954
模样,-1.066266093
高通,-1.969788997
大卖,-1.384524094
现象,-2.053175483
表白,-1.487358988
雷米,-1.279781798
越老越,-1.872682388
电动,-1.947677814
电动车,-1.25807433
包袱,-1.162195361
雷粉,-0.978835714
穿着,-1.50013206
烦恼,-1.094781419
皱纹,-1.912691728
看法,-1.442582506
还会,-1.568720657
到位,-0.892089225
才华,-1.473796051
成绩,-2.14694234
神,-1.230244109
再也不会,-1.249140569
宝,-2.361322655
身价,-1.133851562
推广,-1.8592299
崇拜,-1.040894054
插,-2.301670232
产业链,-1.79282871
什么游戏,-1.355675851
有味,-1.88703175
放书,-1.450175679
讨厌,-1.331345581
英寸,-1.31136682
爱好,-1.575796584
等于,-1.386070242
聊,-1.056174572
帅呆了,-0.337366285
电动牙刷,-1.614987428
青春永驻,-1.018673426
提高,-1.913098416
块钱,-1.237704469
留言,-0.600886882
人心,-1.339909471
差别,-1.269915072
从米,-1.176260761
绑架,-1.609802501
眨,-1.731941095
眨眼,-1.613645252
穷,-1.250054097
杂货铺,-0.489504395
家乡人,-1.225786762
乞丐,-0.776517959
找回,-1.729815259
上学,-1.215340773
青葱,-1.328943404
向雷,-0.702793699
首歌,-1.204763072
结束,-0.937343657
春,-1.918093542
竞争,-2.309150875
来说,-1.548797642
父母,-1.76747709
等待,-1.013472057
看不起,-1.157314388
敢,-1.929909071
顺便,-1.492333343
搬,-1.386457308
砖,-2.06931503
在线,-1.109166588
智能家居,-1.224194702
对比,-1.713487448
两次,-2.256757226
雷总岁,-1.163686508
相比,-1.725390867
去掉,-2.536689307
爱上,-1.387160597
亿近,-0.670925093
厂商,-1.439997814
黄章,-1.10587884
销量,-2.441215272
线,-1.289787344
致敬,-1.468322794
意见,-0.790383921
山寨,-0.947880596
过生日,-1.596865252
爱酷,-1.523897237
亲,-1.816395492
困难,-1.846219076
试试,-1.721110158
换成,-1.360661777
出去,-1.558533633
大喊,-0.533836853
专,-1.424064637
下周一,-1.780517355
阴险,-1.703012319
忘记,-1.301648648
雷总给,-1.457363569
奶白,-1.3411676
沉淀,-1.223194112
接受,-2.551151262
韩信,-1.288212654
来看我,-1.968272259
尊享,-1.679102058
手,-1.166741976
没人,-1.543767393
雷总用,-0.795124765
气质,-0.7631539
差距,-0.604195755
怀疑,-1.444775263
普通,-1.401265576
版本,-1.120930289
大学毕业,-1.016079593
乔布斯,-0.900763637
失业,-1.319421309
长期,-1.388933963
逐渐,-0.664656761
耍,-1.044399114
要说,-1.492891695
雷总爱,-0.241612521
我斥,-1.973194828
两块钱,-1.450384574
巨资,-1.615124537
我刚,-0.812267844
相似,-1.202559313
款,-1.133354534
定义,-0.867968623
哇塞,-1.023392132
顶上去,-0.707100056
金融,-0.855338314
售价,-1.187235625
没坏,-0.980194941
耶耶耶,-1.056138421
平衡,-1.554606428
印象,-1.082736778
分,-1.743002484
劳模,-1.366522475
不止,-1.105174745
读书,-1.031471078
看过,-1.257838397
哪款,-0.987877495
多么,-1.273935962
小奶,-1.384354731
包括,-1.665095145
勤奋,-1.201105051
愿意,-1.71993488
摔,-1.454735985
真想,-1.453942969
玩抖音,-0.856047374
马上,-1.72098905
追梦,-0.971221186
多出,-1.552287974
太多,-1.483218483
报道,-1.430448067
曲面,-1.308306177
假,-1.550130072
支棱,-0.954093178
热乎,-0.51902487
风格,-1.258432165
少点,-1.394930738
有过,-1.268691719
开机,-1.568143683
蛮,-0.872254278
久,-1.332902733
重启,-1.983840679
生产,-1.750844624
早,-0.754791691
有时,-1.785502953
从来没,-1.181793268
得到,-1.579446653
考上,-1.448386232
提,-0.820407992
搞个,-1.195297249
话题,-0.927112862
财富,-1.55748737
温暖,-1.510791543
上市公司,-1.441765188
分辨率,-1.697918836
下个,-0.655029524
投诉,-2.112666693
方面,-1.292025475
完成,-1.538970771
点赞赞,-0.792938369
金山游侠,-1.471062593
说好,-1.215178668
演员,-1.056311443
赚,-0.794942344
售后服务,-1.526075611
阳光,-0.668603479
陪,-0.953015753
不换,-1.068149871
要求,-1.06187122
追随,-1.085517836
最新款,-1.124296151
家电,-1.375040777
成长,-1.178508434
挫折,-1.568113083
遇到困难,-1.442067795
抽奖,-0.702071767
穷人,-1.475800052
手机卡,-0.857471274
碎,-0.581042376
帮忙,-1.389798736
进步,-0.998518559
级别,-0.491255579
大学生,-1.256756694
混,-1.145728588
刘德华,-0.879068584
出生,-1.123624991
共同,-1.545920356
内,-1.841562537
没多大,-1.1291367
辞掉,-1.782071282
国人,-1.030850699
珍惜,-0.956423779
不远,-1.280913252
切换,-1.514854687
背后,-1.045313344
完事,-0.748121961
日,-0.911682349
指,-1.494829855
雷总从,-0.765271814
卡顿,-1.184194593
刚换,-1.029403237
打电话,-1.664177111
肥,-0.815664876
服务,-1.182799786
第一代,-1.40760842
活,-1.645190123
读完,-0.967216121
半个,-1.281604478
祝雷,-0.513754504
钱包,-1.023655986
拿到,-1.769824795
二个,-0.898275817
漆,-1.716258717
闹心,-1.779284511
漏液,-1.580215663
眼袋,-1.893954144
房,-0.740323006
头条,-1.461239778
拉,-1.393070261
入驻,-0.733035622
闪屏,-1.147000581
记住,-1.181709999
愿望,-0.716000437
家人,-1.123563859
金山快译,-1.245230668
开挂,-1.632076702
具体,-0.798878741
活着,-0.894788614
再见,-0.77326241
青年人,-1.312712409
大爱雷,-0.435968153
名,-1.14896461
对得起,-1.020066048
难,-1.024903923
新品,-1.666679429
电饭锅,-1.483870341
广东,-0.501717014
热,-0.712472988
还好,-0.732288619
机器人,-1.448724808
刷新率,-1.492584907
必买,-1.165319242
音带,-1.288927877
一斤,-1.464582174
状态,-1.383641397
花里胡哨,-0.966598984
害怕,-1.066016461
精品,-0.670378271
摆脱,-1.128455105
再用,-1.398393416
小伙子,-0.231175874
创造,-1.427315786
上面,-0.787390203
这条,-1.757292611
第一台,-0.934953491
理发,-0.834687389
节奏,-1.38799024
扛不住,-1.15658756
出走,-1.05598734
奔跑,-1.877867106
逝去,-0.950793526
很难,-0.723653326
好几个,-1.080975975
永不,-0.699538299
反应,-1.027308609
该换,-0.609178022
二,-1.524928352
一批,-1.666973603
伙食,-1.186210314
少女,-1.375000096
控,-1.076854135
心想,-1.403369088
哆,-1.428952599
一只,-1.491517326
更换,-1.30131124
续航,-1.626281799
作业,-0.96930114
最新,-1.093063653
产业,-1.081663683
少有,-1.010046013
雷雷,-0.630867985
雷神,-0.716840811
从此,-1.442755742
流量,-1.552668065
司机,-0.93828764
专业,-0.986188185
失灵,-1.699892273
一副,-0.849043879
配色,-1.440740954
设置,-1.774983537
大声,-0.818428944
现场,-1.189565053
智能机,-1.042904536
理解,-1.051928272
雷总让,-1.316828159
饥饿,-0.839069424
刚用,-1.204135086
爆棚,-1.238287775
帅赞,-1.054714044
永葆青春,-0.951129423
持续,-1.612068174
怀念,-1.055429361
加大,-1.324674571
华,-0.978986333
人物,-1.061018892
重,-1.173858789
哈哈哈哈,-0.755786496
女儿,-0.776909012
洗发水,-0.87462096
皱眉,-0.820529155
雷总抖,-0.608278421
卡死,-1.048707725
狗头,-1.21661667
明明,-0.986586549
烫,-1.188808088
千元,-1.70983378
樱花,-0.802000195
配件,-0.965893993
前面,-0.763843116
解释一下,-1.048143568
无故,-1.606010819
有用,-1.003902446
只会,-1.610010273
不点,-0.841069152
作品,-0.747464001
青春岁月,-0.923768592
小鸟,-1.238741267
记忆,-0.719571042
下单,-1.581123642
留下,-1.10915778
姐姐,-1.159651572
工厂,-1.558119339
出小屏,-0.810992208
人才,-1.462799411
信任,-1.375016026
对不起,-1.066195861
仿,-0.875301367
对了,-0.718678669
最帅色,-0.381236571
幽默,-1.181478128
探索,-1.002505822
缺钱,-0.688794979
底,-0.741375213
膜,-1.100794567
一去不返,-1.13238249
把握,-0.804612436
科普,-1.464829441
时像,-1.238628245
普通人,-0.98939187
青春不老,-0.58533573
这段话,-0.666773109
求变,-1.105303945
守心,-1.310643765
预定,-0.96705031
童年,-0.995134727
诱导,-1.825017161
未成年,-2.142981421
消费,-2.259513188
拒不,-1.875158704
我岁,-1.052415516
好装,-1.637585011
嫩,-1.748087204
体育老师,-1.803542473
朗读课文,-1.371056767
打折,-0.793522158
四个,-1.048120801
阿油欧,-0.673398371
最爱赞,-0.574184523
收不收,-1.179653188
红颜,-0.527157469
一个多月,-1.707426245
猪仔,-1.686773386
一级,-1.419227886
第二款,-0.480995491
必,-0.581571583
没错,-0.692619568
学友,-1.035725157
格局,-0.558493899
老哥,-0.319142451
法,-0.583692187
走上,-1.333053171
一千块,-1.113357152
这件,-1.232047441
马桶,-1.178848127
邻家,-0.883265817
口音,-0.999851995
怕,-1.18227115
言论,-0.954751954
委屈,-0.530346717
兰,-1.188176433
沔阳,-0.909791583
程度,-1.003010243
长痘,-0.949838015
份,-0.934683966
走向世界,-0.64112951
青青,-0.795404238
当交个,-0.89522978
做人,-1.338471298
做事,-1.352383144
不负,-1.292186242
沾,-1.244963914
小鼓掌,-1.371956116
时谈过,-0.981957454
私聊,-1.07086767
腰,-0.971662416
好友,-1.008350919
累,-0.741048301
或许,-1.012661697
青涩,-0.872075332
眯,-1.755999269
楼,-0.916802464
拍摄,-1.468417523
放大,-1.321571089
像是,-1.323551914
傻,-0.775193276
卢十瓦,-1.732261529
形象,-0.814399412
缺陷,-1.213220911
导致,-1.52362125
周围,-1.16930307
一步步,-1.425838538
经理,-1.23114462
咖啡,-0.76023102
中有,-1.194570563
多大,-0.95624793
折腾,-0.886893527
愉快,-0.983217406
安逸,-1.096389247
在外,-0.905305498
说一千,-1.075731695
大洋,-1.270445016
嘴里,-0.694442719
欣赏,-0.739071697
网,-1.197187058
环境,-1.66363328
公屏,-0.362256252
雷总够,-0.673843131
所谓,-1.289792886
五彩斑斓,-0.700582561
喽雷,-0.652790929
长时间,-0.803290794
诶,-0.857182039
几点,-0.737442057
制造,-0.896800273
帅雷,-0.798661827
睡眠不足,-1.144112696
太好,-0.786603862
一条,-1.724958042
买得起,-0.752606242
没换,-0.909783911
白白,-1.322622591
小小的,-1.715360195
爱国,-0.673779513
量,-1.537179968
样,-0.730743341
不老,-0.853217101
变声,-0.985878012
寄,-0.804810953
冰霜,-0.958461592
先点,-0.747046149
换掉,-0.859473431
可好,-0.89048799
赶快,-0.864124138
姑娘,-0.858826627
打广告,-1.327681627
刷到,-0.852336446
二代,-1.496251179
过分,-1.065479796
表面,-1.144999831
更有意义,-0.707622505
推,-1.111173795
走向,-1.782688229
条,-1.13659711
只配,-0.733631612
脱离,-0.664125819
物流,-1.506224541
袋,-0.790435181
糟老头子,-1.534477491
恨,-1.311142741
走出,-1.186250533
满满,-1.303094886
不雷,-0.439063387
干赞,-0.914681151
好重,-1.628442032
哈欠,-1.725091417
嘴,-1.087686771
永远都是,-0.727988673
我帅,-1.366454162
几条,-1.729314332
街,-1.326178056
顶配,-0.941847316
雷总祝,-0.636301007
看样子,-1.125158198
挺不错,-0.787334993
敢不敢,-0.840453345
越大,-0.943977482
这群,-1.042924869
起步,-0.656382427
很香,-0.658625321
彩虹,-0.985571064
观众,-1.304770702
牛能,-0.926642075
小孩,-0.731389512
九号,-1.155661333
过个,-0.717298404
背,-1.060873498
毕业生,-1.002112077
宿舍,-1.243605088
一整套,-1.085412148
贵点,-0.91953849
台米,-1.739336002
频繁,-0.994033098
翻友,-0.983930049
说雷军,-0.44209656
上课,-0.992333414
奖,-1.028844859
课程,-1.390091045
职业,-0.94916435
愤青,-1.007844908
之光,-0.793674145
友,-1.07737791
门店,-1.599431958
高价,-1.479903975
带领,-0.919073983
线板,-1.544158835
我下,-0.349532164
搭,-1.129325315
不理,-0.811189757
摄像,-0.352632517
考试,-1.134482602
学校,-1.333123651
跑,-2.040750445
放,-1.059401821
识别,-1.167979555
雷公,-0.650322388
这句,-0.677291603
清瘦,-1.323285912
第一天,-0.806513871
热巴,-0.796825156
鄙视,-1.351494713
缩水,-0.553143992
戴,-0.862034896
机了,-0.846485164
设备,-1.130465194
攒钱,-0.85826739
供应商,-0.97900781
交过,-0.8132611
猴哥,-0.865060462
看赞,-0.750335719
当然,-1.342160936
实惠,-1.5869793
雷丁,-0.798284738
版红米,-1.359905774
马化腾,-0.745522776
越活,-0.539967181
毫米,-0.729619165
有待,-1.654172445
最强,-1.040270447
黑米,-0.873583113
不坏,-0.789443276
囧,-0.949224582
金山公司,-0.905934629
店里,-0.424529684
类人,-1.01235728
哇雷,-0.523425234
新一代,-0.990418483
西装,-0.670868377
别搞,-0.598240848
现有,-1.398786589
变得,-1.266220628
合影,-1.321990961
爷爷,-0.913536645
自主,-1.285924165
官网,-1.108228299
一般般,-0.841166015
微博,-1.243311653
甜,-0.885110413
鸡,-0.654036408
奈斯,-0.902485944
好多个,-1.174057204
招人,-0.235671546
麒麟,-1.401422624
长大,-1.077069637
难怪,-0.968700057
雷总说,-1.372308252
成家,-1.56367578
网友,-0.6085974
鼓包,-0.951990626
能发,-1.010376926
有木有,-0.941538538
差劲,-0.54586052
看不看,-1.012034861
放下,-0.435944881
第二个,-1.072887447
智慧,-0.788983175
透明版,-0.792844733
几百万,-1.20489221
雷总请,-0.567689767
每年,-1.238617492
啥事,-0.815254697
高管,-0.784313692
四筒,-0.201722628
是从,-0.603446836
微信,-0.478350866
不信,-0.675037062
失踪人口,-0.538651374
高于,-0.612202359
要命,-1.136009611
传奇,-0.860317226
不灵,-1.156036359
某果,-1.450472263
部手机,-1.149100931
健身,-1.18550436
烧,-1.156811317
当个,-1.094009246
机子,-0.972899215
做梦,-1.533773575
逆反心理,-0.836878292
雷总开个,-0.785911968
卖点,-1.032170851
关乎,-2.024122496
价值,-1.958997275
钟爱,-1.381882199
闹,-1.286914053
彩蛋,-0.911441514
挣,-1.066642966
产业园,-0.655560442
恋爱史,-0.67600521
熊吉,-0.872368311
洗衣机,-1.585053569
微波炉,-1.333145668
全,-1.265813054
人脸,-1.159772869
星星,-0.795156103
不亮,-0.964465088
前排,-0.784813156
可期,-0.840629548
真牛,-0.959425191
下半年,-1.053331694
新闻,-0.94184009
前途,-1.376236498
剩下,-1.275574859
牙刷,-0.975851711
拍出,-0.613602957
欧开,-0.594858995
大军,-0.734943323
涨价,-0.984602722
负债累累,-1.167649977
事实证明,-0.937208286
房价,-0.562806847
操作系统,-0.907723835
纪念,-0.869526208
面相,-0.778325287
耶耶耶雷军,-0.789846859
输,-1.189474966
四饼,-0.13248371
霸道,-1.107140099
真快,-0.562186882
玩儿,-0.799202932
衰,-0.637625622
儒雅,-1.48954761
商人,-0.645967543
张,-0.964437376
商城,-1.498022474
发货,-1.651249935
不上,-1.091634535
创始人,-1.284487507
侠,-1.060644756
勿,-0.994518617
弟弟,-1.071963028
耗电,-1.108680297
拒绝,-0.971589776
退钱,-1.104217559
帧,-0.877907495
遥远,-0.673866675
给力,-0.633287573
不配,-1.005304852
评价,-1.160038899
公交,-1.049021642
体型,-1.191873141
伍先生,-1.321700898
蓝牙,-1.33938604
充电器,-1.809508211
音箱,-1.643678253
开屏,-1.029147486
激励,-1.030603695
奈何,-1.035968458
发誓,-1.548441696
职,-0.580246151
此时此刻,-1.000631911
荣幸,-1.277764635
以来,-1.302117255
马赛克,-0.714536154
透露,-0.872527053
纸,-1.775232197
效果,-1.103849043
商是,-1.298971371
完全,-0.923987036
李宁,-1.236165724
出道,-0.857244775
亏,-1.046540976
老大,-0.631364245
摄像机,-0.676916267
二十岁,-0.480998338
进水,-1.086456916
不可,-0.646291941
周杰伦,-1.520133823
全球,-1.683134181
正直,-0.877165626
高二,-1.01080793
触控,-0.896283423
四射,-0.968582795
用心,-1.387777297
勇气,-1.580403061
买米,-0.465100683
拿货,-1.236766684
这人,-0.967174909
那雷,-0.537940345
总和,-0.93349525
抓狂,-1.166264388
爽死,-0.73652424
学科,-1.553933392
敏感,-0.38583846
不火,-0.872065374
健康,-1.608931768
饭店,-1.008870753
讲话,-0.56860877
改正,-1.261605571
变帅,-0.457109201
值,-1.33178143
参数,-1.324032852
喷子,-0.867242073
雷猴,-0.818519511
版看,-0.548800803
使,-0.869712935
缺人,-1.046613741
减配,-0.839986629
衬托,-0.892712292
嫌弃,-0.701462564
要钱,-0.107951609
场子,-1.374178165
考虑一下,-0.858062108
进入,-1.42886335
早已,-1.063132448
竖,-1.512888048
热评,-0.910888889
课,-0.982005711
心动,-0.92718401
女盆友,-1.288728246
茂盛,-1.032416346
能干,-1.250285849
小军,-1.308559248
憨,-1.178746049
关注点,-0.724509247
上来,-0.973915771
祝福,-0.887938794
温润,-1.066087184
如玉,-0.835808026
一共,-0.528078709
同年,-1.188293843
紫薇别走,-0.438502151
笔记本,-0.889610263
有时候,-1.306120406
灵感,-0.643728091
方式,-1.149801446
二手,-1.495825709
四年,-1.267418564
骂,-0.742867551
第一眼,-0.619303179
老家,-1.094047773
想不到,-0.681591118
联想,-0.838081417
清洁工,-0.581748985
录取,-1.409688801
雷到,-0.758043147
崩溃,-1.304704442
年龄,-1.150616003
行李箱,-1.74175897
逼雷,-1.153215243
端,-0.916324681
时有,-0.997650792
第次,-1.458293992
出厂,-1.83895676
线下,-1.422386
服雷,-0.330732033
几乎,-1.104873358
界,-1.711111505
到货,-1.107998088
抬走,-0.8526811
麻将,-1.100309571
把子,-1.290866123
必要,-0.857359826
多亲,-0.92489074
版交个,-0.359562369
突破,-1.704743583
建议价,-0.947825854
车载,-1.52038285
网红,-0.437874072
咋整,-0.956696726
难以,-1.995720781
改成,-1.004356969
中年,-0.946945948
无疑,-0.817253715
钉,-1.242037518
记录,-0.846095953
董事长,-1.261067719
不该,-1.074950932
小金刚,-0.896796379
喔,-1.057737851
嗨,-0.621110671
猜,-0.586474368
倒,-0.790534387
立马,-1.011637603
骚年,-0.877895519
越长越,-0.439886151
帅小伙,-0.955813444
布局,-0.892837014
深飘,-1.220943959
一行,-0.93404362
耍猴,-0.433897966
身后,-0.860045137
一部分,-0.874829601
闹特,-0.922981058
剑侠情缘,-0.684894686
酒窝,-0.634076778
偷偷,-0.830657235
雷人,-0.592403672
一生,-1.361812031
一代,-0.951128013
冲击,-1.127798208
外国,-0.784236814
能出,-0.852925116
身上,-1.369951712
三部,-0.487672134
接触,-0.821834372
说真的,-0.470025549
酒,-1.253445907
一枚,-0.774078558
团队,-0.911116174
握手,-0.591071356
容颜,-0.875045252
销售,-1.181867621
下一代,-0.566561806
宽度,-0.878728553
真雷军,-0.48517051
渣,-0.652276503
体会,-0.666363061
反馈,-1.298790302
亲春,-0.708198683
圆润,-0.958822213
允许,-0.840106928
的确,-1.028717418
无,-0.626199493
前来,-0.744999986
根本,-0.720414499
更帅,-0.665237049
从来不,-0.984856898
身为,-1.234038256
好久不见,-0.586721171
同款,-0.839112834
不起,-0.690330457
桶,-0.88614033
嘿哈,-0.746008725
米酒,-0.923857829
秘诀,-0.626376828
集合,-0.685081967
人格魅力,-0.759255244
岁数,-0.581077277
不对,-0.981124843
典范,-0.891063379
阿雷,-0.61157745
自由,-1.309009807
总管,-0.586161814
心,-0.648291302
那天,-0.700554307
旗下,-0.492210776
处于,-0.98937425
核心,-0.886021253
玩意,-0.985561819
余承东,-0.783618929
含义,-0.5739599
咋办,-0.464736989
国产品牌,-0.51564308
诺基亚,-0.461975996
投入,-1.413324893
壳,-0.606661207
经验,-0.861010371
看出,-1.255162485
一去不复返,-0.476838935
在于,-1.12731352
翻牌,-0.482823136
坚挺,-0.599911573
用不起,-1.048422886
程序,-0.741568065
句,-0.796712692
工资,-1.411250885
保护,-1.129163983
冲动,-1.128509094
氛围,-0.474559997
